category,size
A,181
C,506
B,809
A,154
B,622
D,723
D,416
D,956
B,489
D,916
D,561
B,351
C,956
C,365
A,489
A,218
E,64
D,496
C,452
D,875
E,675
E,488
B,11
D,345
D,878
C,721
B,458
D,429
A,499
D,571
E,648
A,902
D,807
D,933
A,90
C,43
B,5
A,38
E,72
C,136
E,244
A,34
D,697
D,156
C,522
B,421
C,202
E,44
B,690
D,138
C,968
E,338
B,793
E,117
C,686
A,834
D,533
A,429
A,727
D,963
B,509
A,595
C,604
A,620
E,838
A,530
B,939
E,277
A,339
D,535
D,241
B,776
A,416
E,106
A,524
A,907
A,695
B,671
E,392
A,901
B,326
D,130
C,554
D,610
B,722
A,747
C,812
E,453
E,271
D,917
A,297
D,109
B,778
D,914
C,449
D,908
A,496
E,334
C,313
E,296
A,139
B,17
A,85
B,912
D,250
C,680
D,909
C,375
D,596
C,117
E,180
A,714
B,566
A,954
B,670
E,800
C,449
B,222
D,254
C,968
D,864
E,317
E,586
E,373
A,117
D,986
D,526
A,939
D,650
B,189
E,449
D,66
E,204
E,941
C,80
D,452
B,841
D,51
C,164
B,593
E,671
A,393
A,367
C,634
E,382
D,368
C,534
B,611
A,606
E,678
E,811
E,941
C,35
A,682
E,771
A,228
C,188
B,473
E,333
C,710
B,1
B,741
E,559
C,84
B,559
D,517
E,32
C,863
A,996
D,127
D,870
B,645
B,791
B,547
C,403
B,731
B,112
B,562
B,567
B,129
C,130
D,191
B,746
C,259
D,325
B,515
C,535
B,279
C,616
A,957
A,235
E,597
C,973
A,56
B,358
E,578
C,30
E,647
E,451
B,190
A,158
B,297
A,438
E,495
E,87
A,443
A,989
E,706
D,333
A,108
A,899
C,210
B,404
B,146
E,865
C,647
D,762
A,244
D,419
A,445
D,863
D,605
A,376
B,101
D,674
B,148
D,264
B,364
B,54
D,335
C,348
C,988
C,197
E,422
C,528
E,673
C,309
C,874
A,411
B,6
A,670
B,365
B,325
D,489
E,387
E,227
E,314
C,557
B,337
A,645
E,649
E,379
A,649
B,721
D,438
D,229
C,572
B,243
B,571
B,372
A,442
E,667
A,94
E,109
D,519
A,579
E,365
E,225
B,278
D,470
A,538
A,485
E,229
C,18
C,649
A,501
E,349
A,691
C,965
E,5
D,730
A,973
C,603
C,195
A,976
B,597
B,197
D,353
E,626
A,39
D,797
C,585
A,269
A,529
B,775
E,254
D,823
B,795
A,992
A,838
C,863
E,66
E,13
B,857
C,335
A,81
C,671
C,535
A,685
C,140
B,267
D,910
A,57
E,596
C,295
A,858
E,2
E,754
D,864
C,190
A,563
E,199
D,901
C,910
D,567
C,729
A,673
A,613
B,75
B,518
D,916
D,727
D,304
B,958
A,192
B,12
D,325
D,835
A,292
A,556
E,40
A,256
E,180
E,790
D,452
B,236
D,804
B,537
A,890
A,301
B,834
B,80
E,391
E,861
A,528
D,683
D,346
C,369
E,603
A,814
C,445
B,816
B,595
A,641
B,113
C,577
B,474
A,687
D,370
D,629
C,875
D,483
C,472
C,138
E,225
C,499
C,830
A,363
E,639
C,577
E,329
A,245
C,30
C,74
D,952
D,70
B,889
E,974
D,559
A,125
D,578
B,968
E,362
D,727
D,172
B,622
E,230
B,804
E,681
B,266
B,159
D,481
E,593
C,855
C,494
B,335
E,315
C,502
E,23
E,469
B,865
D,726
A,676
A,944
B,950
D,10
B,110
E,705
D,903
E,181
A,776
E,380
D,671
B,797
D,775
A,83
D,279
C,746
D,345
D,781
A,820
B,932
D,727
D,879
A,179
A,909
B,81
D,355
B,94
B,173
E,146
A,824
D,682
B,407
C,436
E,177
E,523
E,777
D,419
D,381
E,845
E,681
C,951
B,661
C,603
E,430
E,438
C,143
C,795
A,96
B,570
E,235
E,659
B,899
A,905
B,907
E,78
D,322
C,376
C,491
A,568
A,429
C,268
C,419
A,483
C,351
D,868
D,385
A,852
C,236
D,377
B,837
D,971
C,320
C,629
E,519
E,993
A,796
C,636
A,520
E,772
D,880
E,690
B,226
B,312
C,961
E,330
D,278
E,563
A,191
B,227
B,610
B,331
D,812
B,410
D,53
A,444
D,124
A,43
C,836
B,687
D,546
A,506
A,318
E,739
E,909
C,776
C,772
D,498
A,826
B,197
E,402
A,817
C,671
D,384
B,960
A,627
E,183
A,390
D,803
D,995
A,755
E,353
A,168
E,634
B,917
B,139
A,360
B,9
D,404
A,176
D,177
A,307
D,318
E,359
B,587
C,335
C,607
A,191
D,787
B,913
B,335
D,526
B,573
A,409
E,565
D,989
D,506
E,213
C,95
A,504
A,938
C,265
D,754
B,263
A,755
C,550
B,482
C,850
A,162
A,961
B,442
B,257
A,453
E,250
E,714
A,106
E,972
D,830
A,102
C,993
E,709
B,147
C,425
C,588
A,318
E,977
D,467
B,906
A,455
E,757
B,56
B,729
A,581
B,227
D,699
A,201
D,926
B,348
A,559
E,874
B,72
B,812
E,106
C,363
C,484
D,810
E,419
A,693
E,814
E,803
A,978
C,562
C,16
A,446
E,665
E,662
A,854
A,846
A,635
B,836
D,202
E,419
D,143
C,984
A,632
D,176
A,792
A,405
E,479
E,151
A,292
A,556
C,100
C,72
B,853
E,756
E,319
E,213
D,400
C,668
B,188
C,333
A,982
B,475
A,753
A,124
A,782
C,933
A,317
C,544
E,955
A,102
A,334
C,171
B,374
A,484
C,671
A,830
C,208
D,311
A,121
A,577
D,199
C,266
C,598
D,343
D,21
C,727
C,254
E,848
C,536
A,733
A,488
B,398
D,338
D,387
C,795
C,299
E,530
B,642
C,781
E,537
B,230
E,814
D,402
A,272
A,952
B,58
C,143
C,37
D,321
D,900
C,140
B,157
D,949
A,109
D,393
A,787
D,209
A,353
D,648
B,11
D,482
E,324
C,315
A,52
D,976
A,140
A,359
D,548
A,330
A,10
E,450
C,295
C,28
C,537
B,271
A,394
C,470
E,334
C,985
B,973
A,337
A,364
A,651
A,616
E,142
B,605
C,308
A,748
A,623
E,293
D,148
E,127
D,67
C,765
A,243
D,2
B,941
C,531
E,919
B,70
E,736
D,59
C,631
B,545
B,276
B,160
A,29
B,787
C,511
A,202
D,958
D,803
A,57
E,643
B,334
E,173
B,767
E,487
E,220
E,901
B,295
D,331
D,110
B,876
E,719
E,86
E,810
A,485
C,16
C,172
C,129
A,195
D,988
B,18
E,677
A,883
B,542
D,533
D,62
E,307
A,794
D,869
D,364
A,282
B,495
A,34
C,692
D,750
D,954
D,986
A,961
A,73
B,364
D,475
C,290
A,469
D,221
C,100
E,117
A,1000
E,531
A,610
E,822
C,306
A,134
E,522
C,153
C,907
A,30
D,226
C,885
B,451
A,646
A,120
A,128
C,159
D,820
D,778
D,873
E,142
E,998
C,456
D,854
D,344
C,615
A,66
D,439
B,409
D,397
C,408
D,47
C,289
B,944
C,296
A,650
A,31
D,109
A,608
B,74
D,672
E,9
A,806
A,134
D,354
C,773
A,30
D,595
B,826
C,634
E,845
E,910
A,490
E,438
A,105
E,235
B,393
B,622
E,186
E,991
E,760
C,135
C,494
D,755
B,426
A,202
D,814
A,765
E,312
E,699
B,564
E,566
C,40
A,975
D,731
A,658
E,341
C,127
A,45
E,1000
B,36
A,859
B,667
C,787
C,169
C,505
B,360
A,366
C,602
A,703
A,222
E,743
A,100
B,865
B,190
B,210
A,16
C,986
B,732
A,683
E,465
E,295
A,126
D,435
E,322
D,594
C,242
E,548
C,965
D,669
C,583
E,605
D,945
B,420
A,680
D,156
B,700
B,63
C,517
E,428
D,744
B,620
B,145
E,334
C,23
D,241
D,575
A,226
C,725
E,206
B,466
C,866
C,202
A,731
D,744
C,712
E,343
D,715
E,822
D,368
D,435
C,905
C,41
E,718
D,916
E,8
C,749
C,180
B,634
B,948
C,101
B,602
E,317
C,675
E,636
C,736
A,502
B,692
D,795
B,520
B,347
C,219
A,803
E,33
E,791
A,44
D,717
C,654
E,613
E,259
E,164
A,785
C,980
B,64
A,969
B,14
E,381
D,484
C,390
C,919
D,58
C,195
A,628
E,57
C,84
B,901
A,444
B,942
E,303
B,697
C,780
E,926
D,974
D,400
B,227
A,68
E,512
A,272
C,19
A,808
A,891
E,957
E,211
E,473
E,479
E,436
B,463
E,357
A,659
D,467
A,884
E,417
E,31
A,768
A,575
B,783
C,111
D,900
C,698
D,644
C,763
C,964
A,680
D,520
B,346
A,408
B,45
A,991
C,612
B,702
B,584
E,806
B,84
E,246
B,948
B,706
D,2
B,642
D,842
A,337
D,997
E,214
C,935
B,106
B,634
A,325
C,351
C,960
B,191
B,205
B,403
C,421
B,327
C,671
A,563
C,122
B,514
B,579
E,724
E,937
C,140
B,903
A,578
B,40
A,831
E,842
D,914
D,984
A,811
D,600
D,671
E,60
C,268
A,584
E,784
C,102
A,968
B,104
C,165
C,435
D,358
C,320
B,268
B,690
C,832
E,71
D,761
D,779
A,573
B,146
E,624
E,523
C,427
A,157
B,785
C,767
C,739
D,149
E,910
A,844
E,903
A,816
D,852
E,360
E,630
A,393
B,259
D,935
A,382
E,367
A,432
D,805
D,705
E,716
D,177
D,445
B,353
C,498
A,229
A,551
A,181
A,962
C,249
B,671
B,172
B,655
E,395
C,407
C,497
B,691
E,391
B,306
D,124
C,41
B,524
A,343
B,613
B,749
A,804
B,594
A,836
D,258
D,804
C,76
E,409
D,721
A,642
A,103
D,55
D,918
D,63
E,176
B,492
B,13
D,599
B,561
A,730
C,69
D,763
D,691
B,423
B,73
C,423
D,530
E,511
B,495
B,850
A,332
D,788
E,899
A,847
D,599
B,504
B,467
B,354
D,238
D,947
A,835
D,447
A,379
D,970
C,573
E,365
A,371
B,970
A,441
A,960
E,724
C,675
A,832
C,143
B,684
A,908
A,794
B,416
D,774
E,273
C,532
C,733
A,57
D,613
C,672
A,285
A,878
C,48
C,184
A,968
A,147
A,205
A,780
B,197
B,517
D,393
E,646
C,99
C,456
E,569
C,552
D,142
B,542
D,732
C,441
D,899
D,643
B,649
D,124
E,702
D,743
B,742
A,492
A,214
D,950
E,294
B,589
D,309
C,243
C,779
B,753
B,437
D,862
E,151
D,187
A,344
B,26
C,55
E,510
E,256
C,769
C,66
D,604
D,655
B,847
D,221
D,602
B,687
A,916
D,826
C,741
A,881
E,594
A,984
A,369
B,369
D,288
D,802
C,650
D,435
E,326
B,20
B,842
A,409
C,604
D,304
D,449
B,8
C,842
C,642
E,416
E,851
B,698
D,472
E,270
A,286
E,65
A,147
D,150
E,51
A,570
D,922
A,535
E,400
D,130
E,139
A,454
D,432
C,650
D,874
C,215
D,824
E,966
E,817
B,736
C,13
B,395
C,487
D,340
D,206
E,196
E,679
B,754
C,389
A,375
E,629
B,133
D,975
C,643
A,264
D,925
A,286
E,236
D,739
C,465
B,94
B,195
D,164
E,212
D,876
D,334
E,673
B,123
B,697
A,567
E,400
E,425
B,198
C,462
A,867
E,576
B,384
E,1
E,659
B,537
C,114
C,56
C,941
E,789
A,357
B,458
E,966
E,711
B,387
E,940
C,137
D,828
A,959
A,518
D,74
A,611
B,367
E,478
B,16
E,520
B,589
A,638
E,914
D,580
C,93
E,102
E,501
A,403
C,751
C,528
C,524
A,247
B,701
D,870
A,939
E,401
B,109
B,155
C,740
A,600
D,858
C,281
C,748
B,983
A,141
D,839
D,953
B,688
D,570
C,358
E,345
B,549
B,553
C,835
C,911
E,553
D,415
B,546
E,27
C,381
C,286
E,551
A,889
A,774
D,875
D,868
D,485
D,391
A,265
B,847
A,176
E,713
C,23
C,148
B,34
D,435
D,857
D,860
D,929
E,12
A,46
A,748
D,532
C,692
D,457
A,919
B,754
B,540
B,909
B,26
C,660
A,920
D,638
D,861
B,719
C,442
D,204
A,714
C,247
C,566
A,450
D,398
B,178
C,714
A,993
E,100
B,232
B,446
A,224
B,517
E,557
D,680
C,333
E,590
C,82
A,973
A,477
B,602
D,922
B,185
D,438
D,290
C,233
D,844
E,62
D,907
D,723
E,445
A,339
D,71
C,869
C,435
B,347
E,429
A,834
A,696
A,480
A,466
A,151
C,145
A,362
D,995
E,333
A,60
B,7
C,282
B,741
B,32
D,569
E,430
C,55
E,658
B,503
C,329
C,216
C,576
E,452
E,81
C,449
A,336
D,943
A,646
C,371
D,904
B,36
C,860
C,858
E,829
B,388
B,461
B,168
C,706
A,688
E,360
A,64
B,880
A,698
C,847
A,401
C,247
D,526
A,575
C,289
B,407
E,984
E,723
D,339
C,461
B,23
D,254
C,680
A,850
B,436
E,245
B,897
E,438
D,634
A,880
A,542
C,498
B,673
E,791
A,305
D,689
C,544
A,866
B,909
D,462
B,476
B,670
E,135
E,7
B,907
C,646
C,981
C,843
B,978
E,548
E,424
B,134
B,331
C,186
B,658
D,735
C,108
D,417
C,588
D,853
C,642
E,929
E,371
A,999
A,388
D,161
D,23
E,308
D,613
A,887
A,688
E,179
E,395
C,954
E,487
D,666
C,208
B,824
E,757
E,999
B,900
C,94
B,560
E,883
C,339
E,932
D,646
A,407
A,462
B,284
C,361
E,992
D,282
D,762
B,430
E,319
D,303
A,855
A,294
B,498
D,284
B,166
A,512
E,207
C,202
C,975
C,307
C,634
D,155
A,217
E,999
B,265
E,24
E,375
B,563
D,183
C,383
B,958
E,752
A,997
D,935
C,629
E,820
B,821
E,424
E,636
E,926
B,908
E,982
A,584
D,322
A,144
B,42
E,152
A,608
D,114
A,739
B,756
B,660
D,757
C,113
A,759
D,685
B,773
B,454
B,179
B,258
A,747
B,849
E,985
D,898
B,427
A,814
C,889
D,268
A,140
D,70
C,696
A,460
E,982
C,963
C,25
C,108
E,130
E,414
D,170
D,803
C,263
B,231
D,310
B,553
C,259
B,866
D,779
E,945
A,98
E,759
C,114
C,911
D,337
D,964
B,676
D,272
D,790
E,773
A,554
A,297
B,854
B,404
C,283
E,577
D,350
D,480
E,533
C,499
B,786
A,925
A,981
D,10
A,369
C,991
C,173
A,520
E,440
A,162
E,358
A,210
D,66
C,561
E,970
B,799
C,156
C,468
B,544
C,265
C,592
D,449
A,796
A,73
C,687
E,260
B,996
A,717
D,165
C,312
D,339
C,431
B,955
B,445
A,948
C,794
C,640
C,836
E,733
A,829
E,671
E,777
A,506
B,798
D,976
E,787
C,311
B,600
B,380
A,686
C,138
A,914
A,136
D,972
B,77
A,174
A,541
C,637
C,402
B,612
A,980
C,395
C,873
E,418
B,438
B,219
D,739
D,837
B,341
D,586
B,810
D,676
D,138
C,169
A,8
A,939
B,699
C,147
B,977
B,957
B,660
E,143
E,391
B,909
C,984
A,688
A,25
D,340
B,132
D,944
D,130
E,321
C,941
E,536
B,640
C,993
D,719
D,466
C,369
D,381
B,733
C,4
A,317
D,424
D,143
D,178
E,879
C,85
D,815
B,100
C,242
A,23
D,946
A,298
E,648
D,205
E,94
E,62
B,521
A,895
C,626
D,300
C,83
C,436
A,488
E,26
D,245
D,233
C,248
C,644
D,534
B,463
C,678
E,705
B,197
B,93
A,243
B,584
B,344
D,437
A,853
D,724
B,18
D,796
C,606
E,645
E,162
B,963
D,298
A,376
C,675
A,680
D,768
C,718
B,226
A,790
C,383
A,459
D,868
E,164
B,403
B,763
C,353
D,710
D,243
D,228
D,455
E,904
A,967
B,535
E,847
A,211
C,634
E,273
A,614
D,639
C,224
D,560
A,827
A,180
E,43
C,294
E,321
B,153
A,119
E,32
E,765
C,281
B,782
B,937
E,601
E,556
C,879
D,822
E,119
E,597
A,665
D,530
D,143
E,864
B,738
B,974
E,7
B,966
D,689
D,370
A,263
B,722
A,455
E,862
C,62
A,449
B,19
A,311
B,526
C,879
A,736
B,655
B,582
D,13
E,497
B,976
B,703
A,59
E,950
D,931
C,95
B,770
D,815
B,157
E,145
E,416
E,715
E,490
E,722
A,778
A,235
B,377
A,274
C,947
A,654
D,935
B,335
A,671
D,992
E,279
D,544
D,550
A,113
D,516
B,543
B,937
A,145
E,564
A,570
D,26
C,885
D,98
C,936
E,94
E,238
B,944
B,128
B,730
E,980
A,674
C,974
D,514
A,674
C,443
A,390
E,373
D,40
E,655
B,502
D,856
E,762
E,439
A,651
C,276
D,810
E,119
C,946
E,11
A,350
D,120
D,263
E,925
B,540
D,495
B,355
A,533
B,627
B,575
A,316
D,253
C,547
A,548
C,51
D,73
B,682
A,408
E,32
C,129
E,715
A,314
D,23
D,417
C,943
E,911
E,380
A,181
D,712
E,972
D,31
E,427
A,658
D,314
E,332
D,646
B,864
C,538
B,386
D,636
E,692
D,763
D,946
B,667
B,356
A,260
A,153
E,811
E,206
E,207
E,796
D,57
C,619
E,991
C,403
D,693
E,843
A,302
E,951
D,675
A,918
E,212
B,864
E,946
E,198
B,848
E,333
E,108
E,15
C,959
B,912
E,648
C,886
E,539
B,890
A,143
B,621
A,517
C,719
A,137
B,842
D,954
B,952
E,283
E,268
B,445
A,177
C,32
A,287
E,111
E,363
B,512
D,294
D,450
B,781
B,93
E,130
E,148
E,725
B,748
A,203
B,245
B,895
B,136
D,771
C,686
C,872
A,8
B,88
E,19
A,442
C,150
B,639
D,834
A,82
B,364
C,62
B,731
D,279
A,594
C,803
B,486
E,208
A,975
A,499
A,618
C,408
E,920
A,552
D,782
C,943
D,218
B,792
D,48
E,199
C,235
B,919
C,838
C,625
C,639
E,631
E,362
A,333
D,988
D,981
D,89
A,726
D,599
B,807
C,542
E,931
E,95
C,267
A,423
E,970
D,58
E,130
A,714
D,370
D,589
D,906
E,610
E,379
B,31
B,10
E,846
A,260
A,63
C,585
A,612
A,548
C,568
A,486
B,681
B,425
E,623
C,994
E,17
D,437
A,677
B,164
D,707
D,255
D,399
E,997
C,234
A,857
C,88
D,56
B,30
B,940
E,480
B,79
E,8
D,714
D,61
A,769
E,393
E,410
B,802
D,694
D,409
D,320
B,997
E,831
B,851
B,946
A,533
A,319
C,273
A,606
A,433
C,263
A,33
D,475
B,4
C,984
B,370
A,501
E,856
D,898
D,337
E,666
E,603
A,550
C,11
C,397
E,828
B,798
E,800
B,61
A,303
B,13
A,428
E,831
E,781
C,686
B,380
E,442
E,99
A,811
E,667
B,467
A,752
D,290
B,402
E,870
C,219
C,409
C,799
E,1
D,399
A,532
E,890
C,148
D,359
D,51
D,781
D,216
B,918
B,466
D,439
E,312
A,803
A,642
D,440
B,196
C,828
B,48
A,435
C,984
C,909
E,237
E,63
B,990
D,216
D,77
C,643
E,608
A,456
B,960
D,227
C,448
A,123
C,615
C,563
A,226
E,511
C,835
B,676
C,536
C,830
E,156
B,507
D,951
B,626
A,738
B,299
A,306
C,852
D,726
D,633
D,224
C,872
B,945
C,848
A,543
B,224
E,746
B,550
D,395
D,928
A,156
C,258
E,428
D,82
A,849
C,822
E,393
B,243
D,943
D,588
D,798
C,675
B,236
A,293
E,341
A,675
E,78
E,512
C,244
A,295
A,620
E,36
D,863
E,652
B,882
C,348
C,409
E,783
C,608
D,71
A,813
E,165
C,644
E,194
E,48
D,167
B,596
C,804
A,895
E,483
A,314
E,777
D,407
A,683
B,855
C,877
D,293
E,101
D,729
D,916
B,525
A,622
D,380
A,997
E,91
B,802
E,224
B,362
E,570
E,312
B,948
D,434
D,190
E,380
B,591
B,399
C,778
A,955
A,92
B,494
B,162
D,429
C,825
C,503
A,400
C,751
A,594
E,525
A,424
D,256
D,864
D,115
A,19
E,964
D,247
A,358
A,726
B,13
A,392
E,274
D,209
E,725
C,796
C,284
D,659
A,61
E,719
A,78
C,491
A,595
D,297
C,434
B,813
D,483
E,82
C,553
D,753
B,928
A,779
C,670
B,343
A,834
E,674
E,230
C,376
B,629
C,305
B,56
C,319
B,767
D,445
C,37
D,578
D,642
D,627
D,790
D,763
C,73
C,963
E,962
D,354
E,947
C,611
A,594
E,285
D,303
B,792
E,922
B,531
D,460
B,545
B,658
C,775
E,426
B,30
C,928
B,979
D,26
A,81
A,90
D,204
E,106
A,184
E,684
C,489
D,521
C,740
D,893
D,641
B,695
D,250
A,416
D,889
A,142
E,696
E,604
A,298
D,204
E,54
B,951
B,780
E,520
E,437
A,588
A,439
A,212
D,558
A,976
E,171
B,632
E,509
E,828
E,965
D,580
A,235
B,201
D,600
D,236
E,669
B,935
D,670
A,828
C,884
C,945
B,210
E,82
B,839
C,773
E,514
E,680
C,550
E,358
E,538
E,173
B,529
E,936
D,904
B,434
A,229
D,645
A,107
C,421
C,598
A,306
D,256
B,611
A,28
A,720
E,838
D,414
D,255
C,495
E,510
C,405
A,136
B,363
B,611
B,338
E,345
B,397
E,138
E,983
B,773
B,385
E,65
A,729
D,69
C,8
C,73
A,690
C,971
D,604
D,4
C,153
E,147
E,221
E,124
B,90
D,377
D,758
B,50
A,128
A,234
E,475
D,320
B,634
B,820
C,377
E,416
A,439
E,701
E,191
D,481
A,703
D,68
D,967
D,233
E,577
A,123
E,244
B,683
C,188
E,116
E,241
C,619
B,741
D,833
C,918
D,583
D,136
A,23
C,753
B,795
A,728
B,470
E,888
A,440
E,914
D,662
D,441
B,505
A,166
B,875
E,536
C,253
D,762
A,653
E,967
E,948
E,493
C,965
B,20
D,572
D,224
D,365
B,734
C,325
A,123
A,983
C,867
B,751
B,895
E,616
D,687
B,671
E,108
A,647
D,468
B,968
B,665
A,932
D,751
C,635
E,45
B,496
C,974
E,672
E,244
E,654
C,853
C,23
C,573
B,844
A,742
B,690
D,960
C,81
D,416
C,253
E,904
D,227
B,439
B,629
D,791
A,225
A,914
A,300
C,299
E,210
C,495
E,37
A,998
E,610
D,964
E,372
A,558
C,955
A,787
B,266
C,732
E,995
C,980
E,692
D,350
D,780
E,161
E,730
B,576
E,284
D,541
E,940
B,839
B,409
B,264
D,324
D,330
E,750
A,130
D,216
D,191
E,257
D,950
C,663
A,612
B,766
B,328
E,395
A,446
E,917
E,878
C,900
C,344
E,600
D,584
D,490
D,810
A,795
A,76
A,693
A,411
B,13
A,340
B,982
E,541
D,715
B,355
D,255
A,361
B,207
B,49
C,359
D,258
B,629
A,877
C,571
D,811
E,706
A,949
D,62
A,10
A,944
E,188
A,387
B,839
A,887
E,582
D,491
E,85
A,239
A,255
E,975
B,100
B,782
C,548
D,238
E,666
D,667
C,348
E,766
E,101
D,259
C,34
D,450
D,252
C,154
E,907
A,544
C,268
C,297
E,293
B,260
A,491
E,92
D,479
D,831
A,498
A,187
B,677
B,646
C,476
B,302
A,418
A,614
A,223
A,616
D,652
E,703
A,680
D,617
E,510
C,204
D,119
E,40
A,591
A,826
B,713
E,547
B,905
C,75
C,15
D,554
C,972
D,902
A,482
B,586
B,610
D,798
B,494
A,881
D,706
C,70
C,414
E,608
A,229
D,358
D,503
D,677
B,191
E,434
E,410
E,889
E,717
A,931
B,114
C,710
E,197
B,300
A,871
A,844
E,253
D,578
D,936
E,673
B,248
E,272
D,184
C,238
B,69
C,157
D,726
A,294
B,17
C,698
C,715
C,240
A,388
E,888
E,674
A,642
E,175
C,436
B,304
E,125
E,493
E,604
D,410
B,971
E,648
E,962
E,823
B,904
E,592
B,67
E,201
B,384
B,165
D,479
B,576
D,536
C,4
E,966
C,269
B,581
A,331
C,343
B,213
A,623
D,350
C,659
E,102
B,600
A,611
E,933
C,51
B,335
C,726
C,655
D,696
D,250
E,923
A,93
A,346
A,475
B,73
C,739
B,447
D,931
B,720
A,4
A,133
A,585
A,243
E,761
E,527
E,343
C,504
C,135
A,854
D,288
C,456
D,826
C,327
A,935
E,338
D,364
D,239
B,99
E,861
B,422
C,241
C,904
D,953
E,258
D,904
C,809
E,871
B,203
A,292
A,416
E,407
B,585
D,623
D,780
B,818
B,951
B,579
D,154
D,410
C,803
B,16
E,460
D,407
A,298
D,439
A,147
A,372
D,585
B,122
E,734
C,785
D,8
E,798
E,642
B,993
B,901
D,936
E,233
C,473
D,961
E,55
A,624
B,272
B,742
A,782
C,537
C,852
A,909
B,515
A,833
D,148
D,8
A,917
D,880
E,372
D,776
C,85
C,655
C,819
E,362
C,843
A,328
C,628
B,587
C,19
B,308
A,412
D,863
A,596
A,587
A,340
E,860
D,839
C,135
C,358
C,663
C,995
B,444
D,52
B,189
D,599
C,461
A,17
A,922
A,363
E,245
E,100
C,196
D,575
E,998
E,763
A,797
A,651
A,322
A,752
D,647
E,74
E,915
C,184
C,507
C,461
B,371
D,913
D,299
B,123
E,68
B,803
A,644
E,702
C,542
A,498
C,745
D,383
B,362
E,785
C,614
E,588
B,190
C,361
D,811
E,957
E,182
D,120
D,660
E,789
D,863
D,11
B,55
A,220
D,624
C,471
B,846
C,317
D,414
D,837
D,160
C,152
C,718
A,808
A,369
C,967
D,409
B,171
B,369
B,543
C,248
A,122
A,907
D,970
C,775
B,761
D,670
A,841
A,692
D,908
E,304
B,343
C,333
C,1000
A,663
C,239
E,884
C,420
C,207
D,875
E,292
E,712
E,813
A,320
D,156
D,15
C,383
D,720
B,714
C,3
E,426
A,290
C,288
B,834
C,432
D,255
D,410
B,735
B,939
C,479
A,775
B,210
C,543
A,875
B,663
B,88
B,624
C,999
C,132
C,659
D,73
E,884
E,270
A,959
A,57
A,101
A,144
D,219
E,552
A,968
E,268
E,22
B,141
B,751
C,691
E,930
C,11
E,336
A,173
A,898
A,275
B,815
D,433
A,321
C,86
C,893
E,993
B,769
A,762
A,183
C,344
E,893
D,389
B,476
D,112
E,133
C,393
A,208
D,421
A,808
D,841
E,784
C,611
D,723
C,488
A,652
C,485
A,44
D,731
E,355
D,859
A,182
C,923
E,827
E,178
E,411
E,302
B,345
B,902
C,721
B,288
E,524
E,228
C,148
B,984
B,522
B,877
B,952
C,175
E,820
B,835
B,676
E,356
A,747
A,858
A,693
A,397
B,448
C,546
C,508
E,445
A,25
B,657
C,32
A,334
E,297
E,679
D,671
D,109
B,577
B,545
D,189
A,755
E,893
E,748
B,898
C,980
A,896
A,224
B,16
A,263
E,762
B,329
B,203
E,228
B,675
D,261
C,361
D,565
B,829
A,712
E,243
A,409
A,846
C,194
B,975
B,418
B,334
C,972
E,465
C,695
C,755
B,945
A,806
A,25
D,913
E,140
D,287
B,206
A,491
A,11
E,781
D,182
D,462
C,566
E,370
A,536
E,492
C,871
B,387
B,355
D,21
D,146
B,639
C,481
D,161
A,898
B,89
B,296
A,65
D,578
C,161
C,973
C,656
D,324
A,619
D,636
C,201
A,559
B,562
D,457
A,57
C,346
A,602
B,402
B,778
D,926
A,516
E,855
B,4
D,981
D,916
D,808
A,737
C,153
A,855
C,262
E,8
E,395
C,393
E,247
E,16
A,958
A,615
A,383
E,399
B,204
D,207
C,857
A,118
D,218
E,614
E,929
E,842
E,287
C,385
E,124
C,359
B,230
D,882
C,871
D,146
D,517
A,683
D,502
D,509
A,403
D,13
E,275
C,466
B,333
A,218
A,116
D,538
C,697
C,31
E,229
E,453
D,135
C,309
E,225
C,713
B,596
E,513
C,45
B,447
B,726
C,128
D,54
C,681
A,289
B,504
B,413
D,485
A,63
A,768
A,737
D,387
C,521
A,387
C,200
D,74
C,817
B,665
E,759
D,649
A,507
A,251
C,507
D,970
E,618
E,695
E,302
A,8
D,929
D,569
B,39
D,176
D,962
E,609
E,206
D,692
D,341
C,962
E,681
A,605
E,793
C,671
C,341
C,715
B,652
A,220
A,650
E,856
B,414
C,174
C,846
D,241
B,70
D,840
C,19
C,871
E,616
E,686
D,846
B,428
B,363
D,525
A,309
E,52
D,300
B,356
B,403
A,707
D,467
C,917
D,510
D,564
B,686
E,697
D,311
E,903
A,662
B,895
A,834
D,613
A,359
C,212
C,347
B,254
C,108
E,913
D,381
E,901
C,351
E,863
A,771
C,40
C,423
D,710
B,28
D,277
D,810
C,606
B,75
B,236
E,803
A,529
E,65
A,596
D,254
C,580
C,741
C,452
D,444
C,195
E,370
A,838
A,385
B,683
A,91
B,173
C,981
C,887
D,979
E,363
E,156
D,224
C,791
B,342
B,939
A,268
E,225
E,328
C,280
D,492
D,885
A,961
A,366
C,762
E,856
B,269
D,918
C,11
E,275
E,995
D,272
D,906
D,126
E,499
C,695
D,76
B,395
C,610
A,127
E,488
C,839
C,475
E,443
E,405
D,275
D,736
B,713
B,581
D,385
B,875
E,36
D,904
A,898
E,814
E,103
B,174
D,541
D,784
A,876
E,924
C,508
A,168
E,203
D,844
B,732
E,98
A,450
A,187
B,814
A,271
A,418
D,323
C,681
E,582
E,944
C,39
D,640
C,406
A,83
D,197
B,814
E,715
A,174
A,662
A,225
E,7
E,340
A,496
A,855
C,454
D,277
D,159
E,447
D,730
A,408
C,794
E,118
B,922
E,267
A,583
C,40
E,870
B,438
B,93
D,998
B,827
B,218
C,458
A,619
A,798
A,64
B,912
C,477
C,796
B,147
D,715
E,309
A,417
C,847
C,444
C,174
E,430
D,496
A,835
B,704
B,197
C,605
A,640
A,647
B,391
E,853
A,1000
C,500
B,851
E,386
A,544
D,953
D,409
A,845
E,39
C,797
B,426
D,368
A,172
B,348
C,423
E,360
D,824
A,362
D,458
A,791
C,821
C,626
A,228
B,73
B,261
D,886
C,581
D,568
B,679
D,584
A,438
C,961
C,19
E,987
D,547
E,606
E,658
C,145
D,646
A,379
E,793
C,254
C,953
A,732
A,948
A,929
B,799
A,435
B,612
B,388
B,241
E,332
B,918
A,643
D,285
B,399
B,84
A,198
D,203
B,623
E,384
D,990
D,363
C,971
B,29
A,150
A,450
D,931
A,834
A,234
C,165
B,198
C,795
B,372
D,775
E,327
D,716
C,269
D,402
C,152
B,456
C,470
E,719
C,165
B,982
A,238
D,69
B,790
D,441
E,931
E,735
D,511
D,513
C,43
B,184
C,624
B,270
A,982
C,531
D,33
C,18
D,384
E,546
A,512
D,316
C,222
D,18
A,376
C,871
C,113
A,444
C,976
D,28
C,92
D,176
A,957
E,61
B,574
A,85
B,412
A,722
A,33
A,865
B,724
D,475
D,93
D,388
A,261
E,815
E,387
A,791
B,140
D,193
D,346
D,793
C,981
C,129
D,463
E,88
D,597
D,479
C,794
D,45
D,926
C,90
C,216
C,528
B,384
A,645
E,204
E,483
C,863
C,32
B,862
C,495
C,212
B,594
D,880
C,971
C,507
C,154
B,995
B,301
B,284
B,716
C,529
E,349
C,692
E,483
C,226
E,726
A,491
A,346
D,86
E,751
D,520
A,941
D,984
A,510
B,924
D,393
A,241
B,686
D,235
E,726
C,497
B,755
C,113
D,831
C,974
B,724
C,160
A,322
D,452
A,587
C,371
C,210
A,110
A,853
C,601
D,997
D,448
B,53
D,397
B,407
B,657
E,525
D,193
D,122
D,256
A,231
C,837
B,812
C,549
E,849
C,836
D,290
D,144
A,308
B,188
D,973
C,581
D,929
A,75
B,565
E,477
C,123
E,630
A,235
C,589
B,153
D,290
D,683
D,55
A,250
E,436
B,974
E,766
B,460
E,926
C,947
C,549
B,269
A,264
C,548
E,972
D,694
D,642
A,471
C,578
E,199
A,414
E,162
D,86
C,597
B,639
B,827
D,69
E,863
B,39
E,510
E,24
D,545
D,145
E,268
D,609
E,632
D,14
E,411
A,552
B,219
C,355
B,629
E,181
B,523
A,279
B,619
D,137
D,176
D,549
C,514
D,218
E,601
D,527
D,673
C,526
D,787
B,184
A,147
E,329
B,802
B,473
D,515
D,176
D,326
C,977
D,967
D,457
A,216
C,347
B,823
C,1
A,199
D,186
D,225
A,732
B,100
C,667
C,237
C,964
B,824
C,674
A,863
A,976
C,518
C,203
B,412
B,105
C,541
A,506
D,92
B,699
E,232
A,459
A,759
A,367
E,327
B,51
C,705
D,243
E,847
C,552
C,129
B,941
E,968
D,148
D,775
E,295
D,981
B,514
D,714
B,676
C,867
A,64
D,900
D,662
C,445
E,692
B,256
C,28
A,292
B,878
B,600
E,96
C,420
E,211
A,580
E,450
E,221
E,318
D,260
E,805
C,985
B,8
B,430
D,960
C,926
B,828
E,283
D,958
E,780
A,53
E,279
D,940
E,978
E,200
E,936
E,717
C,104
C,858
D,843
E,223
D,780
A,281
C,927
A,495
D,201
C,448
B,772
C,792
B,880
B,85
C,438
E,3
C,9
E,257
E,474
C,926
A,863
E,281
A,813
C,180
D,432
D,510
E,269
E,280
C,521
A,684
A,489
A,870
D,408
B,504
A,654
C,703
B,576
D,906
C,883
D,888
A,195
E,255
D,69
D,55
B,680
E,905
A,977
E,226
C,452
C,388
C,157
E,42
E,854
B,847
B,478
B,699
C,57
B,153
A,996
B,127
D,835
C,305
C,848
E,579
C,53
D,148
A,503
E,886
A,118
B,250
C,499
C,182
B,295
C,606
A,892
A,656
D,20
A,950
C,897
B,129
D,718
D,314
B,262
A,700
E,65
C,222
A,797
C,682
D,386
A,168
A,276
A,266
C,25
B,260
A,861
E,802
D,608
B,105
D,184
C,380
A,975
C,416
E,372
C,980
C,44
E,250
D,215
C,654
B,431
A,960
B,107
E,605
C,36
E,756
E,63
D,80
D,99
A,123
A,944
E,539
D,733
A,648
A,665
A,218
B,120
E,453
B,862
D,123
A,256
C,115
E,271
A,296
C,783
C,70
E,226
C,420
E,268
B,74
D,27
D,280
C,61
A,142
A,832
D,497
B,952
E,281
B,131
A,711
B,229
B,129
C,71
A,188
B,52
A,648
B,34
B,194
E,299
D,140
E,699
E,191
A,547
B,310
D,190
C,704
E,403
C,460
C,148
E,362
B,261
E,716
E,929
A,254
B,344
A,370
B,918
C,683
A,284
B,158
B,655
C,304
B,109
A,601
E,840
C,110
E,310
A,421
B,807
D,176
B,540
C,537
E,464
A,223
A,896
B,513
D,699
A,327
A,266
D,535
E,498
C,468
A,745
B,794
D,917
E,809
A,255
E,377
E,17
B,226
C,45
D,352
E,481
A,498
A,105
C,551
B,571
A,319
D,141
A,397
C,372
E,665
A,556
D,413
C,749
C,518
C,399
B,214
C,275
B,229
B,52
D,895
E,613
C,847
C,786
C,315
C,216
C,58
B,506
A,168
B,751
A,748
A,667
C,988
E,1000
B,568
A,734
B,301
E,739
C,664
D,710
D,221
D,625
E,989
D,164
A,894
E,843
C,508
B,459
B,573
D,669
C,635
D,507
C,994
E,543
E,370
C,594
E,461
D,352
D,981
A,173
A,759
C,56
E,713
E,510
B,415
D,244
C,103
A,995
C,74
D,598
C,205
B,407
E,202
E,529
B,873
E,48
E,953
C,511
E,410
C,34
B,34
D,40
B,774
C,349
E,904
A,546
C,617
A,4
E,922
B,927
E,309
D,41
B,464
D,469
C,26
E,203
E,874
A,206
E,633
B,347
D,594
E,379
C,327
C,857
C,60
A,944
B,280
E,644
A,589
B,235
A,236
C,266
C,455
A,336
A,80
B,20
B,518
B,289
B,616
A,52
B,594
B,742
C,94
E,708
E,305
C,378
D,408
A,884
D,620
C,266
A,596
E,226
A,150
D,102
E,480
A,84
B,214
B,823
E,835
D,191
A,399
D,692
A,345
B,379
C,1
D,713
D,468
A,227
A,232
C,235
B,728
E,292
A,789
A,337
D,970
B,47
E,557
A,655
B,662
A,518
A,287
E,154
B,57
C,761
E,860
A,300
A,2
D,187
A,151
D,325
E,668
E,521
A,663
C,554
B,121
E,520
D,920
D,173
B,683
E,608
B,68
E,423
E,228
D,618
E,783
A,325
B,49
A,510
C,796
B,781
D,6
C,478
B,190
C,949
C,311
E,702
A,821
C,951
B,698
E,867
B,206
E,301
D,836
D,179
C,54
C,567
E,776
C,512
B,882
D,903
D,274
D,233
E,822
B,691
C,677
A,973
E,154
D,565
E,322
A,221
B,98
D,480
D,499
A,603
D,392
B,46
C,331
C,379
B,735
C,10
D,282
E,143
E,924
C,585
A,497
E,46
B,796
A,582
A,984
E,337
D,784
C,657
A,367
D,227
D,489
B,672
E,732
C,568
E,795
D,593
B,851
E,716
C,792
C,219
C,459
C,366
C,787
B,578
E,825
B,739
A,493
B,525
A,298
B,474
B,654
B,794
B,567
D,132
B,757
E,238
C,253
C,451
B,369
B,676
B,972
A,844
D,852
B,702
C,186
C,168
A,79
D,423
E,75
B,11
D,136
A,687
B,55
A,738
E,286
D,246
A,77
E,210
E,21
B,828
A,490
E,427
E,466
C,417
C,526
C,264
B,222
D,246
C,95
D,634
D,943
A,563
A,127
D,686
C,5
B,438
E,599
E,939
D,894
C,721
D,748
A,100
D,633
E,674
A,505
D,177
D,377
B,468
C,907
A,395
B,70
B,239
B,373
A,906
D,14
D,603
D,952
B,742
A,879
E,683
C,24
C,571
B,350
C,658
E,147
C,734
C,836
A,284
D,693
D,682
C,239
A,659
D,910
E,939
D,723
B,116
C,201
A,805
D,757
A,962
B,604
D,62
B,89
B,819
C,203
D,120
B,843
A,218
E,651
B,5
B,183
D,100
A,334
B,913
E,279
B,882
A,978
E,582
D,449
C,386
E,651
E,792
E,422
A,980
B,272
D,278
E,630
D,685
D,869
E,434
E,484
C,292
D,3
C,322
E,660
A,872
C,774
E,390
E,246
A,386
E,939
A,931
E,454
A,655
B,715
D,784
E,888
D,883
A,463
D,303
C,514
D,845
D,738
A,577
E,454
C,630
D,675
D,85
B,785
D,962
E,318
E,493
E,233
E,780
B,701
B,631
E,864
A,187
C,763
E,851
D,157
B,82
D,378
C,691
D,927
B,375
D,205
B,131
A,777
D,314
E,85
A,189
B,497
B,536
B,730
D,23
D,233
B,204
B,440
B,249
A,284
D,499
D,902
D,835
B,224
D,294
E,496
D,453
C,371
E,174
D,774
B,285
C,271
D,940
E,100
E,714
A,754
C,103
A,886
B,55
A,925
C,866
C,968
D,492
C,348
E,49
D,339
A,642
B,241
E,72
C,634
D,689
C,656
B,926
B,959
C,29
C,242
B,636
C,469
D,584
B,449
B,568
D,540
E,298
E,119
B,192
B,852
E,713
E,775
B,523
A,68
E,637
B,960
D,558
B,134
A,641
E,857
B,813
A,856
B,402
B,137
A,817
E,706
D,864
C,682
D,746
E,698
A,184
A,285
E,961
C,423
C,263
D,756
A,315
D,498
D,28
A,504
E,60
E,937
D,622
D,114
E,695
A,426
B,647
C,474
C,588
A,501
E,11
E,51
D,199
A,980
D,231
B,491
E,693
E,106
B,859
D,384
D,986
B,771
D,311
D,574
B,46
E,207
C,870
C,902
C,110
C,661
C,744
C,710
A,17
C,609
C,757
C,724
C,480
E,515
D,262
B,636
E,72
A,76
B,204
A,372
D,120
B,970
D,402
B,945
A,921
E,168
A,456
D,573
B,166
A,344
A,356
B,660
C,935
A,356
D,623
C,146
B,769
D,309
C,597
C,324
C,740
D,82
B,804
C,220
A,243
D,993
E,142
B,271
B,901
E,728
A,480
A,324
B,720
E,215
D,83
B,686
E,675
B,529
C,449
E,77
E,922
E,388
A,776
E,800
B,944
B,630
B,475
C,34
E,278
A,551
C,482
D,250
A,664
E,437
B,881
E,955
B,855
C,22
C,524
E,155
A,827
E,63
E,963
C,927
B,218
E,573
E,94
B,741
B,290
D,466
C,101
D,600
D,683
B,116
A,6
D,54
A,913
D,122
E,468
C,291
E,851
E,25
E,961
C,837
B,575
E,371
C,581
B,205
E,211
D,506
B,388
C,132
A,493
B,968
C,666
A,687
B,890
E,515
D,929
C,657
A,392
D,543
E,755
C,298
A,962
D,637
A,523
C,628
C,711
A,133
C,934
A,866
C,589
B,715
E,262
E,639
A,490
C,497
D,330
D,26
C,403
A,989
D,416
D,34
B,507
E,945
A,809
A,55
A,537
D,799
D,175
E,175
E,374
D,559
B,893
C,218
B,649
C,405
B,806
D,781
B,155
A,218
A,243
E,243
C,215
C,910
A,426
E,470
D,482
E,330
C,56
B,157
E,138
E,832
B,572
B,677
E,526
C,989
B,88
A,253
D,582
E,553
D,933
B,188
A,553
E,892
C,615
B,212
D,703
C,97
D,191
A,247
C,188
E,963
A,501
D,536
E,925
E,909
E,677
C,965
D,185
D,19
B,724
B,44
A,184
A,287
C,468
C,955
D,68
B,519
C,734
E,970
D,173
A,36
B,535
E,697
C,750
E,741
C,160
C,702
E,126
C,470
D,928
D,471
C,947
A,182
B,4
D,547
E,249
E,988
A,857
E,451
A,209
C,505
E,611
B,915
D,781
E,531
C,927
D,100
A,822
E,933
E,277
B,582
D,395
B,941
D,694
E,699
C,674
B,958
A,647
C,772
C,375
D,552
A,51
E,550
B,872
A,746
A,873
E,998
E,235
E,345
C,759
B,132
D,759
A,50
B,797
D,974
B,889
B,953
A,105
D,929
E,928
B,370
B,197
C,901
D,601
A,706
A,813
C,916
A,359
B,479
E,426
E,427
B,896
A,82
A,752
A,69
D,391
C,482
C,821
C,399
D,182
B,336
C,155
C,766
B,918
C,540
D,57
B,806
C,578
E,60
C,659
D,299
B,761
A,369
B,42
A,828
D,934
C,638
C,261
D,182
B,79
A,190
E,990
E,886
D,307
C,749
C,101
D,801
D,98
A,879
B,287
D,230
E,52
D,670
D,303
B,423
E,609
D,282
D,147
E,541
D,79
B,469
A,159
D,926
C,947
D,758
A,976
D,78
D,814
A,763
E,140
C,548
D,1
C,419
C,107
B,922
C,12
B,344
A,659
B,469
C,922
A,805
E,780
B,313
E,153
A,680
A,273
B,9
A,257
D,962
E,541
E,828
D,765
B,67
E,829
E,284
A,792
D,431
B,859
A,769
B,192
B,833
D,541
A,735
D,497
D,10
B,142
E,390
C,586
C,389
D,757
D,389
A,275
B,92
D,396
C,113
A,21
C,916
D,969
D,391
E,132
C,620
E,895
D,836
E,713
D,7
E,576
D,794
B,676
B,928
B,323
D,335
A,751
A,426
B,310
C,653
A,244
C,146
D,176
E,95
E,439
E,87
C,768
E,283
D,897
E,934
D,920
D,204
A,632
C,947
E,447
A,448
C,179
C,282
D,548
C,709
A,730
E,970
B,821
E,274
C,485
D,946
B,684
E,38
D,182
B,150
C,617
E,350
E,768
E,859
C,773
D,906
E,735
A,752
E,956
E,987
D,347
B,788
C,943
D,326
C,97
D,875
A,623
C,740
D,32
E,702
A,610
C,494
D,980
B,515
D,231
D,806
C,153
A,119
D,652
E,319
A,236
E,567
D,434
E,771
E,312
E,473
A,395
E,561
B,763
D,845
E,828
E,813
C,360
E,527
D,299
B,546
B,352
B,416
C,527
A,144
D,626
D,463
B,614
D,804
A,357
A,162
D,456
C,196
D,384
D,34
D,894
A,284
E,164
E,710
B,488
A,234
A,225
D,654
B,346
E,921
C,590
A,43
D,133
C,881
E,535
B,833
D,945
A,934
B,696
A,706
A,944
A,32
A,849
D,115
A,177
E,716
B,576
A,277
A,700
A,714
B,606
E,57
E,797
A,495
B,804
E,18
D,377
E,937
A,115
B,475
E,326
D,652
A,599
A,639
C,797
A,195
B,669
C,435
C,552
C,588
C,410
B,392
A,842
D,564
B,934
E,859
E,403
B,525
A,951
B,843
E,578
A,958
C,575
B,234
A,130
E,749
D,621
C,30
A,674
C,258
D,985
E,209
C,126
B,655
C,967
D,461
E,550
A,455
A,964
E,539
C,348
A,513
E,793
E,566
B,351
E,583
C,135
D,829
B,138
A,698
B,245
C,20
C,294
E,977
E,207
C,30
B,704
D,473
B,813
C,748
B,888
A,841
A,329
A,388
C,373
C,445
C,40
E,131
E,306
A,335
E,473
A,487
B,628
A,745
E,137
A,65
D,406
B,9
D,808
C,763
E,44
D,662
C,417
C,957
E,100
D,430
D,301
E,945
B,443
D,637
E,244
B,254
C,168
A,72
D,404
C,686
E,296
D,134
C,190
E,224
D,333
C,730
A,450
B,80
B,927
D,613
A,597
E,673
E,839
E,383
E,834
B,146
A,298
E,129
D,168
D,531
A,870
B,676
D,265
E,937
C,354
D,325
E,839
B,435
A,627
C,242
B,305
D,11
C,398
E,317
D,664
E,4
A,973
A,902
A,596
B,358
D,470
D,88
A,527
B,490
E,557
E,627
A,979
E,982
B,830
E,354
A,141
E,341
E,416
E,477
B,200
A,73
C,387
A,483
E,842
B,61
D,743
A,691
B,135
C,129
A,785
A,607
A,198
C,920
E,321
D,618
B,469
A,942
C,705
A,369
B,283
B,767
C,578
E,749
D,866
D,482
D,296
E,587
A,241
A,377
B,312
B,863
B,179
C,876
E,11
C,852
A,771
B,902
E,638
A,2
A,705
E,226
B,735
E,491
D,128
D,525
E,77
D,815
D,218
D,475
B,395
B,731
C,681
B,262
B,646
B,936
E,679
E,146
E,402
E,380
B,610
E,163
D,169
C,683
D,341
C,818
B,527
E,242
E,424
B,919
E,891
B,970
E,659
A,440
B,81
E,470
D,705
D,9
E,591
B,25
B,962
D,199
C,448
A,636
C,707
C,937
D,166
B,638
C,408
C,92
D,126
B,156
B,969
A,696
D,257
C,462
D,21
B,214
D,959
E,479
B,848
B,261
C,633
E,434
C,61
B,897
E,102
D,351
B,19
E,109
E,772
D,937
C,134
C,714
A,554
C,492
C,474
C,147
B,930
C,726
D,244
A,712
D,973
E,109
E,652
A,426
D,251
B,837
A,410
C,245
B,518
D,343
E,592
D,427
C,394
C,50
D,101
A,449
C,413
A,734
B,617
C,851
D,43
A,323
B,409
E,708
E,685
C,161
B,773
D,712
D,551
E,562
E,783
B,92
D,542
D,900
E,990
B,301
D,859
E,807
A,822
C,746
D,81
A,384
C,624
A,298
D,55
A,341
B,229
A,659
D,930
B,736
C,903
D,477
B,75
C,681
D,576
D,972
D,336
D,653
C,873
A,686
B,93
A,472
B,750
E,587
A,849
B,320
A,81
E,445
C,918
B,631
D,563
B,356
A,632
B,279
B,36
A,79
A,249
C,331
B,992
C,440
A,989
D,855
A,163
B,896
C,236
A,704
E,929
D,663
E,789
A,935
D,46
A,814
C,672
E,851
A,481
C,276
B,886
A,408
A,809
B,228
B,6
A,607
D,853
D,940
A,12
C,650
E,700
E,682
B,859
D,147
A,272
C,757
E,768
E,984
C,600
A,322
A,172
A,105
C,727
D,803
A,501
E,180
D,736
D,12
B,884
D,930
D,28
C,386
E,504
C,517
B,254
A,137
A,722
D,34
D,256
C,364
E,554
A,686
A,683
B,682
B,383
A,61
A,284
D,661
C,664
B,139
E,679
D,533
E,679
D,686
C,780
C,534
D,449
A,958
A,700
B,358
C,13
B,877
E,21
D,218
C,521
C,724
D,287
B,128
E,589
C,567
A,633
B,103
D,557
E,229
B,810
C,632
D,880
A,978
D,556
C,126
E,410
A,552
E,374
B,198
D,885
C,539
B,45
E,892
D,22
A,116
E,628
A,939
A,704
C,991
E,479
D,638
E,986
C,128
B,884
B,900
A,87
E,514
C,327
E,677
D,901
D,305
D,920
E,88
C,385
A,655
A,429
D,825
D,253
C,407
D,68
C,480
B,315
C,80
E,905
B,230
C,827
D,946
D,408
E,980
D,306
E,735
C,516
E,13
D,763
D,965
D,234
C,19
D,174
D,183
C,469
A,410
E,326
B,864
B,814
C,490
A,349
C,602
C,150
B,702
E,593
C,126
D,282
D,344
E,538
A,224
B,612
D,769
E,289
A,472
A,806
B,948
A,531
C,517
C,136
E,90
A,951
E,932
A,463
B,879
A,771
B,950
E,643
A,189
C,783
E,21
A,452
B,789
D,156
D,628
D,224
C,635
C,47
C,470
A,414
E,366
E,687
B,841
A,331
B,343
D,805
E,240
D,520
C,895
A,849
A,764
C,522
D,920
C,90
B,88
E,205
B,673
D,35
D,874
C,575
E,935
C,451
C,588
D,461
A,57
E,122
B,913
A,143
A,282
C,234
C,433
C,75
B,380
D,374
B,795
C,824
E,325
C,471
A,964
D,243
B,501
E,592
C,421
C,392
C,725
B,829
C,678
B,562
B,649
E,361
B,350
A,199
B,115
D,378
D,254
B,186
B,892
B,610
D,411
E,423
A,607
A,767
C,678
B,913
C,404
E,816
A,172
D,595
C,217
E,272
A,321
D,913
A,44
E,680
D,556
E,369
D,807
E,380
D,475
A,342
B,739
B,837
C,472
A,140
B,293
D,760
B,859
E,261
D,782
C,545
D,647
D,998
A,659
A,321
C,893
A,403
C,93
C,224
D,658
B,65
B,381
E,692
A,543
D,16
C,61
B,8
B,201
A,808
D,42
C,928
C,303
B,249
E,410
D,945
C,889
D,463
B,461
E,442
B,412
C,704
B,681
E,38
C,208
A,20
E,329
D,854
A,76
D,261
E,554
C,368
B,841
C,682
C,639
C,152
E,8
D,840
C,917
B,707
B,919
D,10
E,757
D,165
C,469
A,280
A,736
D,648
E,430
E,895
D,173
C,236
A,784
D,96
B,527
C,464
B,514
A,202
B,453
A,34
C,316
E,653
B,392
A,391
C,480
C,270
B,966
A,271
B,506
E,485
B,530
D,463
D,34
E,148
A,132
D,527
D,185
C,893
C,525
D,841
E,643
B,766
C,430
C,95
A,849
E,813
A,272
E,386
A,518
A,130
A,376
A,932
B,577
B,175
A,452
D,330
D,505
D,259
E,383
D,408
C,322
A,602
C,775
C,261
A,932
B,883
C,312
A,463
A,642
E,468
E,527
E,958
D,199
E,616
B,406
D,14
A,471
D,597
C,305
D,145
B,854
B,755
A,584
A,694
A,435
A,931
C,806
E,889
E,89
C,996
E,207
B,536
D,957
B,814
B,289
D,218
C,920
E,352
D,391
D,313
E,504
A,413
C,569
B,468
B,524
D,721
A,594
E,128
E,705
E,460
A,813
D,313
E,900
C,140
D,807
E,460
A,966
E,262
D,391
A,365
D,205
A,952
E,971
C,722
D,526
E,608
B,574
D,198
D,801
C,847
B,638
A,861
B,861
E,589
D,862
D,790
A,632
C,1000
D,540
D,810
E,716
A,120
B,809
A,573
D,839
C,807
D,660
E,618
E,92
D,32
A,800
A,233
C,171
C,257
E,807
A,106
C,210
A,392
C,69
C,729
C,793
B,169
B,545
D,111
D,990
D,652
A,482
D,405
E,361
A,710
A,466
D,275
D,52
A,454
D,665
A,271
A,779
A,897
C,8
A,801
D,663
E,777
B,513
A,584
D,787
E,757
C,498
D,128
B,829
E,418
A,637
A,603
B,158
D,936
C,85
B,735
C,899
A,104
E,198
D,805
B,557
D,894
D,258
A,158
E,931
C,861
A,183
B,122
C,100
A,908
B,996
A,905
E,569
B,459
C,431
D,778
C,434
E,855
D,847
B,659
B,277
A,839
D,510
B,178
E,475
C,171
A,897
C,308
D,444
D,281
D,845
A,660
E,386
D,509
D,58
C,527
B,874
C,151
E,538
E,585
B,221
A,734
C,235
D,635
C,757
B,237
D,316
D,529
A,359
E,719
D,698
A,629
B,872
E,83
A,358
B,235
D,331
D,824
E,29
D,51
B,914
E,680
D,85
B,282
D,450
D,169
E,106
D,441
B,587
E,826
E,551
D,726
A,426
B,301
D,301
E,230
C,164
D,509
C,542
E,115
C,325
C,973
A,534
E,893
A,450
E,571
B,684
D,425
A,782
D,805
C,353
D,178
D,148
B,534
E,439
D,686
A,55
E,234
E,348
E,543
B,179
B,756
B,151
D,271
C,496
B,37
B,829
B,192
A,230
A,842
B,404
A,726
C,915
D,564
C,753
E,588
A,107
C,368
B,335
B,610
C,516
C,855
D,616
C,373
C,618
A,852
E,800
D,624
B,642
D,234
B,866
A,438
E,573
A,746
B,78
B,330
C,386
A,225
B,806
D,872
D,446
D,248
A,137
B,621
D,627
B,925
E,295
D,865
A,850
D,160
A,94
D,41
A,904
D,934
D,534
B,103
B,991
E,486
B,499
C,214
B,927
B,441
A,556
E,285
E,269
B,103
B,179
E,183
C,481
D,993
B,249
A,559
B,751
A,413
D,591
D,951
C,40
A,769
E,47
A,649
B,256
A,980
C,185
C,568
E,229
D,103
B,910
B,428
E,721
D,66
C,175
E,360
C,986
A,508
A,818
C,181
B,716
D,301
B,576
E,965
D,844
E,993
D,480
E,105
A,51
D,404
E,336
A,289
C,387
A,32
E,560
D,988
B,348
E,604
E,392
A,818
C,557
C,814
D,396
D,451
C,410
D,666
B,943
B,446
E,324
C,115
C,327
A,471
B,945
D,472
B,567
E,694
E,646
E,334
A,78
C,973
D,834
E,447
E,479
E,901
A,166
D,646
A,676
A,752
A,729
D,994
D,283
C,978
B,854
D,150
A,681
D,686
D,256
C,309
D,202
C,139
C,234
D,397
B,411
A,431
B,916
A,841
D,321
D,500
E,762
C,71
B,151
E,945
B,462
B,773
E,402
D,340
B,503
B,129
B,415
C,30
E,111
D,885
D,575
E,305
A,649
B,834
D,237
A,543
B,115
D,462
E,467
E,812
B,488
C,259
D,421
E,656
E,241
B,689
B,140
C,379
E,452
C,179
B,357
D,325
C,641
A,228
E,449
A,649
C,435
E,247
A,804
C,240
A,872
B,473
E,608
C,834
C,244
E,456
A,411
C,890
C,531
C,12
C,377
E,418
E,813
C,178
B,472
C,805
B,867
A,943
A,757
B,91
E,963
E,149
B,59
D,118
A,460
C,625
A,603
B,335
C,411
E,867
C,317
B,109
E,283
D,549
B,84
E,879
C,692
D,729
B,396
E,774
D,574
C,29
B,604
B,19
C,119
E,299
D,206
A,577
B,452
B,934
A,768
C,207
E,53
A,194
D,228
D,847
A,903
E,308
C,241
D,227
D,830
A,91
D,147
A,119
B,30
D,783
D,658
D,658
A,942
C,39
A,201
B,752
A,519
B,249
A,117
D,935
D,975
D,375
E,338
D,545
A,800
E,475
C,163
B,374
B,963
D,324
E,351
B,655
D,308
C,266
E,838
B,486
C,416
B,563
D,484
D,249
A,603
A,649
B,914
B,81
A,835
A,34
E,540
C,417
B,792
C,961
B,609
E,91
E,168
D,262
E,865
B,764
A,458
E,749
B,590
A,923
A,31
B,797
D,847
A,545
B,810
B,944
E,719
B,845
A,26
A,703
A,195
D,905
C,532
C,410
C,863
D,70
E,587
C,303
C,900
D,254
D,478
C,660
C,765
D,567
D,575
D,663
B,502
C,997
B,436
A,450
B,354
D,827
D,90
A,637
E,174
E,188
C,334
E,921
C,935
B,733
D,893
D,403
C,998
A,18
A,703
E,132
B,708
E,418
A,221
E,761
E,22
D,350
D,126
C,510
C,943
B,686
A,670
D,695
A,89
D,918
D,947
C,134
D,45
C,709
E,243
C,445
C,848
B,66
E,895
E,839
E,318
E,924
C,413
D,703
A,438
A,47
B,990
B,670
C,864
E,426
C,226
D,422
C,877
D,34
E,852
D,186
A,964
D,237
B,500
C,817
B,48
D,768
B,127
B,686
A,613
A,858
E,823
C,830
D,19
E,910
A,105
D,292
C,622
C,84
E,882
D,594
C,790
C,524
D,598
C,329
D,565
E,699
D,782
A,406
D,241
C,176
B,228
B,945
C,470
C,837
D,32
C,933
E,561
D,166
A,283
A,19
D,655
B,677
C,33
D,411
A,433
E,306
B,739
E,337
B,826
E,881
D,574
E,756
E,446
D,172
B,656
B,443
E,882
E,860
E,996
E,696
B,323
C,180
D,319
B,705
E,693
E,50
A,481
D,20
E,754
E,450
D,534
A,941
D,487
B,301
C,806
D,813
B,816
C,794
C,706
C,347
E,754
E,376
A,751
D,764
A,985
E,553
D,907
C,187
D,74
D,468
B,17
C,366
E,713
C,441
C,441
E,361
A,811
E,10
B,558
B,116
B,775
B,812
B,328
B,716
C,193
E,19
B,315
B,931
E,985
E,189
E,43
B,663
C,91
C,949
E,665
C,466
B,90
B,941
D,962
C,591
E,335
D,512
D,28
E,184
E,71
D,45
B,105
E,906
E,684
B,808
C,122
D,736
A,335
D,409
D,895
E,656
B,518
B,236
D,545
B,379
E,133
E,757
D,124
E,16
C,475
E,852
E,972
C,646
B,741
D,22
A,123
E,921
B,527
D,757
C,165
E,857
B,964
B,461
D,593
B,855
B,683
C,299
A,679
E,534
D,413
E,347
E,297
A,400
E,850
E,384
B,635
B,600
E,460
D,32
E,994
C,190
E,239
C,295
E,165
A,970
B,36
C,841
C,105
C,752
B,338
D,674
D,218
E,628
E,139
E,444
D,672
C,958
B,448
A,26
B,963
C,42
B,182
E,344
C,140
E,649
D,172
A,641
A,24
D,549
C,461
A,275
B,396
A,782
C,275
C,396
D,289
A,790
B,777
D,381
B,303
D,388
D,941
A,220
B,213
B,904
D,100
A,885
A,127
C,526
E,118
A,566
D,387
C,545
D,5
A,487
D,976
B,8
A,149
A,766
B,340
B,322
B,806
E,586
D,685
A,474
E,928
B,665
C,822
B,276
E,987
A,219
B,30
E,357
D,320
E,615
C,806
A,916
A,218
E,54
D,143
C,986
E,362
B,305
E,832
D,302
B,535
C,416
B,524
A,217
C,334
A,740
E,77
E,588
A,477
A,101
C,170
E,919
D,953
A,294
A,852
D,538
E,435
D,404
D,841
E,715
E,141
E,899
D,811
A,698
D,896
D,967
B,109
C,911
A,710
E,277
B,643
A,681
A,871
B,41
C,903
A,212
B,836
C,843
B,159
D,113
C,874
A,434
A,925
C,217
A,702
B,682
A,567
A,69
C,422
D,331
E,257
A,311
D,517
C,474
C,818
A,423
B,550
E,517
C,383
B,957
C,132
E,604
A,351
E,956
B,145
B,680
A,363
D,919
C,270
C,666
C,105
B,751
D,976
A,263
C,407
A,669
B,946
B,878
C,938
D,568
C,764
C,883
E,297
D,86
E,796
C,645
D,511
B,466
D,632
A,535
A,230
C,523
B,798
A,321
A,861
D,200
E,264
B,257
C,568
B,685
D,181
E,116
E,21
A,235
E,765
B,614
C,567
C,897
A,563
E,502
B,245
C,293
E,848
C,170
B,560
A,1
A,127
D,523
A,490
A,806
A,542
D,445
E,524
C,774
E,570
B,41
A,297
B,516
D,128
D,678
B,253
E,23
B,721
D,101
D,656
A,98
D,978
A,921
E,403
A,593
E,37
B,943
E,6
D,767
E,61
A,225
A,608
B,156
A,256
D,183
E,140
C,119
C,473
C,842
E,923
B,680
B,147
A,639
A,442
C,936
D,581
A,918
E,398
D,828
D,180
B,193
C,422
E,361
C,255
D,921
A,269
C,22
C,619
A,136
B,398
A,919
D,706
E,200
B,962
E,587
D,519
D,707
B,381
C,310
A,617
A,398
E,774
C,204
B,56
E,104
E,656
C,498
C,35
A,304
B,968
B,692
A,663
B,76
A,771
D,58
A,103
A,796
B,283
D,274
A,515
D,127
E,687
C,332
E,416
B,869
B,340
D,731
C,360
C,438
D,467
B,305
A,102
A,856
D,478
E,457
D,517
E,859
E,6
D,990
C,955
E,674
B,107
C,440
C,776
D,127
E,843
D,78
B,788
C,356
C,754
C,173
C,821
C,579
D,920
E,692
A,842
B,469
E,522
E,604
A,543
B,723
D,563
E,184
E,561
A,907
B,112
A,645
A,954
A,159
A,893
C,619
E,309
A,320
D,628
E,368
C,873
C,902
B,852
E,145
D,119
A,344
E,730
C,22
C,505
D,756
E,386
C,740
B,309
E,616
A,28
C,70
A,761
D,15
D,242
A,859
E,991
D,112
C,423
D,512
C,255
A,807
D,747
D,141
E,604
C,655
E,460
B,156
B,481
C,81
D,489
B,507
E,596
C,243
D,246
A,256
A,118
D,754
D,959
E,562
D,516
E,190
D,844
D,211
C,715
B,411
D,857
E,185
C,17
E,353
E,990
E,799
B,427
C,718
B,352
A,8
A,651
E,89
A,897
B,245
E,346
C,850
C,436
C,485
E,206
B,586
B,171
C,912
D,290
C,507
A,51
A,449
D,341
A,270
A,203
A,521
E,693
A,381
C,993
D,221
B,369
B,732
A,724
D,839
D,307
D,732
E,349
E,421
B,626
B,4
A,926
D,58
E,333
A,293
C,729
C,631
E,280
E,671
B,444
C,101
B,183
B,139
E,497
C,487
B,529
C,383
B,518
A,428
D,367
B,631
B,1000
A,781
E,803
E,787
E,770
B,513
D,788
C,160
E,948
E,559
B,884
C,505
E,823
E,744
D,439
A,297
E,441
C,758
B,837
A,132
C,43
C,315
B,861
E,816
D,202
E,970
D,677
A,508
C,127
B,815
E,374
E,986
C,799
D,883
E,787
B,759
C,62
A,503
D,459
C,74
D,151
E,876
C,756
E,4
E,664
E,882
C,890
C,704
D,473
B,106
C,724
E,361
C,946
D,428
B,17
B,934
A,468
A,134
D,99
E,25
E,709
E,946
B,316
D,202
A,302
B,230
A,453
B,996
E,812
D,52
D,574
B,750
C,493
C,399
D,153
A,13
A,384
C,484
E,851
E,197
C,286
E,303
E,538
B,901
A,902
C,146
E,454
E,385
A,337
D,613
C,605
C,313
E,57
B,599
D,23
D,150
E,761
D,31
A,870
E,643
A,14
C,872
E,929
D,225
D,300
A,579
B,159
A,640
E,257
A,192
D,346
C,475
B,863
E,887
E,89
A,406
B,597
A,954
C,804
D,415
A,367
B,626
B,152
B,684
A,817
A,856
C,279
E,12
C,574
C,136
C,923
C,341
A,273
D,132
C,987
E,131
B,8
B,773
D,582
A,697
D,410
E,286
B,896
C,527
A,506
C,585
D,90
E,783
C,854
E,591
E,577
E,976
A,22
B,309
E,170
A,54
B,775
C,17
E,602
E,551
B,228
E,333
D,75
A,481
C,563
A,435
C,180
A,136
C,966
A,62
C,153
A,727
C,529
E,194
C,278
C,967
D,381
B,508
B,126
E,234
E,737
E,636
A,758
D,888
B,602
B,78
D,640
A,210
C,602
A,624
D,149
C,11
C,295
C,719
B,34
B,922
B,248
C,643
E,404
D,278
C,722
D,634
B,986
A,85
C,842
E,100
B,138
E,791
B,626
A,537
C,274
D,883
E,897
A,7
D,901
C,891
B,413
C,946
D,891
A,104
B,535
E,579
A,731
B,222
C,144
D,896
B,512
C,536
C,917
D,931
A,842
A,83
B,796
D,295
D,332
B,115
C,551
A,436
C,635
B,420
B,664
B,64
A,193
B,2
E,781
C,549
E,803
E,543
C,697
C,866
B,205
E,708
C,393
A,40
A,274
E,986
A,494
E,884
B,481
C,438
C,275
A,565
B,532
A,846
B,504
E,986
A,222
C,191
E,358
E,292
D,774
D,131
D,648
C,870
D,403
D,263
B,263
C,506
C,722
C,398
A,718
B,619
A,489
D,731
D,308
A,218
C,193
C,632
A,217
A,533
E,660
A,137
C,177
B,934
E,909
C,402
B,833
D,528
D,436
C,838
E,73
A,18
A,487
B,569
E,477
C,972
A,742
A,846
A,535
D,514
C,790
E,562
E,481
A,154
B,101
C,80
B,128
A,531
C,523
B,139
B,376
B,835
E,677
A,938
C,77
E,837
E,255
A,577
E,999
A,938
E,443
A,586
B,39
E,958
D,810
A,514
D,257
D,321
C,117
D,962
C,785
D,726
E,555
A,138
C,646
E,752
B,719
C,90
B,10
A,986
A,924
C,286
B,102
C,574
B,354
A,125
B,840
B,820
D,545
E,968
A,304
C,767
C,276
D,800
E,936
A,840
E,211
A,741
C,986
B,527
C,357
A,800
C,689
E,912
E,571
A,79
B,979
D,759
D,711
B,586
C,202
B,307
B,922
B,878
E,96
D,640
E,443
A,972
B,124
E,615
C,702
C,436
A,249
A,943
D,165
B,352
C,995
B,524
B,854
B,294
C,220
D,731
A,203
B,450
B,945
E,200
E,486
E,316
B,328
E,333
A,219
A,805
A,603
E,393
E,723
B,476
C,94
E,695
D,701
D,726
E,359
A,976
E,359
B,880
D,958
C,874
C,373
C,675
B,851
D,112
D,329
A,480
A,702
D,763
E,42
D,959
A,764
B,178
A,533
A,257
B,296
B,354
E,695
A,625
D,739
E,601
E,843
D,268
A,846
B,845
D,509
D,897
E,47
D,702
D,386
B,659
B,351
C,723
E,898
A,693
A,106
D,177
E,184
C,329
C,646
D,651
B,637
C,645
A,356
E,358
A,621
C,684
A,744
E,265
A,760
D,420
E,859
A,365
A,150
E,709
A,743
B,306
D,441
E,689
A,906
B,681
C,789
B,804
B,541
D,268
D,345
E,429
A,949
D,92
A,284
D,480
B,486
A,221
A,383
E,576
B,919
E,55
B,998
D,182
A,411
D,47
B,825
D,61
C,113
A,499
D,413
E,233
E,878
A,252
C,946
C,906
C,134
D,63
D,874
D,25
C,659
E,840
C,941
E,147
E,793
A,220
D,867
B,967
C,949
A,435
D,560
D,361
C,600
C,195
B,702
D,665
E,879
D,122
A,263
E,162
A,244
A,964
E,261
C,272
C,712
A,645
E,656
E,265
D,564
E,530
E,471
E,62
A,618
D,1000
A,634
A,390
A,935
B,953
E,946
E,994
D,816
B,870
D,608
A,92
D,270
D,336
E,154
A,410
D,35
B,493
C,441
A,57
D,454
E,950
B,593
A,696
E,496
C,6
A,604
C,463
E,170
D,9
C,210
A,37
E,761
A,732
C,668
C,52
D,289
B,484
E,680
E,487
E,994
B,611
E,130
E,405
E,863
A,609
D,876
D,732
E,37
E,959
C,166
A,674
B,940
B,537
E,199
C,855
E,266
C,592
E,530
C,948
C,946
C,776
C,589
C,929
B,987
E,982
A,36
E,669
A,729
D,716
C,713
D,773
D,297
C,278
B,500
D,407
B,566
A,526
C,816
A,401
B,988
D,852
D,769
D,683
D,32
C,70
E,729
B,752
D,481
A,565
E,828
B,981
A,651
D,147
A,184
C,415
E,17
A,822
E,611
B,67
D,308
E,281
B,352
C,587
E,330
E,419
D,131
A,349
C,445
E,646
A,622
B,781
B,238
A,1
E,502
D,542
E,313
C,228
E,929
B,926
E,131
C,523
E,409
D,315
A,59
D,216
D,687
C,390
B,773
A,659
B,587
A,628
D,820
A,979
B,665
D,340
D,151
E,19
A,784
E,943
A,676
D,943
C,488
E,954
A,850
C,376
C,788
E,297
D,958
D,784
E,568
D,668
B,139
A,817
A,488
B,844
A,704
C,324
A,307
E,535
B,403
C,733
A,821
A,208
E,818
E,754
B,214
D,1
A,269
D,624
B,186
A,893
C,55
E,724
B,884
B,791
D,396
B,784
C,54
E,712
D,455
D,127
D,133
B,117
B,914
D,465
D,709
E,826
B,558
D,805
D,838
B,863
B,188
A,184
C,54
E,229
B,650
C,260
A,731
E,508
D,903
D,997
C,586
C,315
D,586
D,540
B,194
B,36
E,787
A,979
B,702
E,4
E,589
C,870
D,218
E,32
B,632
D,280
C,830
E,458
B,408
E,525
C,251
C,122
C,86
E,511
D,132
B,895
B,886
B,54
B,900
B,3
C,878
E,61
B,77
E,428
D,969
D,647
D,996
A,446
D,328
B,257
A,881
A,407
A,276
C,796
B,889
B,653
C,175
E,12
B,944
C,111
C,240
A,736
C,659
D,437
D,176
C,723
C,852
C,818
B,951
C,592
B,249
E,336
B,111
E,582
A,525
E,243
E,488
B,152
A,683
D,774
B,962
C,120
B,982
C,559
B,271
B,311
C,699
D,417
D,699
D,251
D,714
B,466
A,437
E,805
A,98
D,243
A,187
B,331
C,201
E,29
A,390
C,517
B,720
A,396
C,779
D,46
C,429
C,360
A,706
E,333
D,551
A,847
E,47
B,760
E,297
A,44
B,810
D,322
A,363
E,758
C,187
B,671
B,86
C,84
B,419
C,692
D,229
D,539
D,967
D,141
C,790
B,364
B,720
D,769
A,208
B,654
C,683
E,976
B,110
D,293
B,866
D,935
C,1000
A,166
D,656
D,108
B,171
D,560
D,578
B,893
D,718
C,988
E,421
D,925
E,406
B,78
E,322
C,862
D,323
C,365
C,567
C,698
A,847
E,204
D,270
B,817
D,741
C,304
D,161
B,14
B,550
D,605
D,941
D,935
A,432
B,560
E,312
B,888
D,717
C,887
D,431
E,135
A,234
E,668
B,401
C,506
A,366
E,299
B,222
D,795
A,501
A,438
C,446
E,986
D,945
A,616
C,486
A,812
C,497
C,986
C,346
D,151
B,169
D,497
D,388
E,936
B,333
D,191
C,855
E,685
B,39
D,654
D,572
C,55
E,24
A,538
B,437
D,198
A,31
A,237
A,242
C,583
C,492
E,926
A,287
B,276
E,383
C,745
A,678
D,539
A,179
B,3
D,849
C,498
C,318
E,413
C,564
C,971
B,408
C,796
A,342
D,476
E,201
B,422
D,153
B,665
E,280
A,471
D,218
B,32
E,881
B,622
E,365
B,14
D,88
A,568
D,313
D,101
C,738
C,607
E,745
D,533
C,172
A,747
E,489
D,358
B,444
B,287
B,475
C,441
D,309
D,915
C,792
A,851
D,878
A,890
A,484
B,131
E,523
E,906
D,208
C,827
D,389
D,729
A,228
E,957
D,61
D,638
E,712
B,6
D,744
E,813
D,259
E,732
D,896
E,591
A,648
E,445
E,805
A,77
B,856
A,30
C,956
D,888
B,880
D,775
E,600
A,446
A,230
A,633
C,196
E,371
E,929
B,565
C,285
C,197
A,710
D,308
C,440
D,880
E,778
B,309
D,202
C,373
D,485
E,884
E,580
C,561
E,498
C,952
E,234
A,89
C,636
E,443
D,298
A,407
D,100
A,798
C,999
C,629
E,772
E,97
A,214
D,191
E,601
A,466
D,748
C,474
B,19
B,255
E,271
E,344
B,964
D,850
C,885
B,788
B,646
E,284
C,422
E,799
E,407
E,17
C,278
C,918
D,704
A,169
A,482
D,704
B,61
E,337
C,966
E,913
C,587
A,887
A,848
B,916
B,178
C,281
C,776
A,190
C,879
A,439
B,751
B,233
A,198
D,773
C,964
C,283
B,292
C,73
B,12
E,939
B,345
D,150
B,860
D,514
B,944
E,452
C,55
C,819
A,871
B,249
C,624
A,80
C,446
D,59
D,160
C,612
A,467
E,639
C,480
E,955
E,283
A,560
D,736
C,657
D,245
C,333
B,52
E,83
B,662
E,326
B,104
A,512
A,201
D,722
C,647
A,308
B,205
E,15
A,303
A,414
C,927
D,443
B,267
A,44
A,350
A,532
B,267
D,133
D,470
E,939
D,426
A,618
A,572
D,879
C,282
C,141
C,467
C,97
D,454
A,741
E,566
D,215
C,660
C,34
B,431
D,922
A,344
E,296
D,827
A,401
A,657
B,320
C,661
D,743
C,931
B,260
E,200
B,275
A,30
B,730
C,91
C,227
E,570
C,889
E,260
A,706
E,524
D,580
B,221
A,413
B,755
C,657
D,958
D,382
B,173
E,583
C,603
E,794
E,645
D,182
B,921
A,923
A,271
C,236
E,77
D,162
E,303
A,477
A,190
D,755
B,214
B,454
D,854
C,41
A,332
C,963
A,259
D,960
D,790
E,212
D,598
B,831
D,560
D,830
E,877
C,226
E,891
E,190
A,353
C,221
E,365
B,438
A,266
D,699
B,746
C,390
B,270
B,115
D,73
E,625
C,633
B,65
A,844
C,87
A,49
D,17
B,540
D,612
D,162
E,591
B,451
C,658
C,993
D,840
B,587
C,815
D,898
B,518
D,435
A,218
B,775
E,654
A,710
E,407
A,504
A,88
B,183
A,153
C,49
A,285
C,705
D,931
D,830
B,309
A,482
B,331
D,397
A,597
B,397
A,974
A,224
A,285
C,85
A,388
E,968
D,104
C,505
C,446
C,107
A,293
A,173
E,883
D,297
C,439
E,627
A,856
D,279
B,244
D,452
D,351
C,350
C,367
B,818
D,254
B,275
E,413
D,281
C,518
A,279
B,372
C,89
E,855
C,455
A,39
D,578
A,715
B,29
C,589
C,27
C,755
C,592
D,846
C,692
E,934
B,286
B,787
D,963
D,162
A,610
D,397
E,897
B,280
A,195
C,367
A,994
E,633
C,45
E,703
A,110
C,861
E,545
D,305
B,297
A,495
A,350
D,3
C,861
D,575
E,132
A,804
B,18
B,90
D,805
E,317
B,262
D,363
C,170
C,797
E,557
C,532
C,844
C,126
A,854
D,363
A,426
A,567
D,537
C,854
B,793
C,861
C,688
C,390
D,338
A,533
A,551
E,875
C,350
E,982
D,119
E,980
B,151
D,395
A,484
D,175
A,476
E,912
A,683
E,417
E,482
B,828
C,672
C,842
C,950
E,806
D,565
A,42
B,682
E,167
B,870
A,830
C,79
A,551
B,694
B,268
E,848
B,726
E,91
D,718
C,832
D,941
E,980
A,879
B,566
B,918
D,285
A,285
B,692
D,884
C,658
E,739
D,643
E,529
C,916
A,938
B,922
B,164
E,115
A,656
E,180
A,168
D,23
B,720
C,720
B,459
B,373
C,176
B,162
D,104
E,819
A,526
C,332
A,598
B,387
B,863
C,788
B,55
C,438
B,978
A,937
B,650
D,15
D,402
A,380
D,343
D,245
D,179
D,316
A,302
D,89
D,508
C,476
A,510
D,134
D,653
A,636
A,133
A,518
C,902
C,199
D,398
D,590
C,196
E,988
A,196
C,119
E,760
E,947
C,484
A,295
A,583
B,490
B,939
D,260
A,706
A,343
A,335
D,751
E,652
D,488
A,623
B,359
A,884
E,773
C,322
D,358
B,770
A,488
C,836
E,944
C,584
B,486
B,861
C,371
E,840
E,475
D,34
E,329
D,350
A,768
C,347
E,228
B,293
D,848
E,196
C,239
E,876
A,148
B,391
C,319
A,948
A,816
C,956
A,879
E,803
B,133
D,945
D,759
D,574
A,408
C,257
C,901
A,833
E,171
E,114
E,466
E,140
D,37
D,295
B,665
B,35
C,604
A,632
A,558
D,847
B,511
D,319
B,173
C,841
D,188
C,170
C,597
A,936
B,919
A,297
D,420
E,346
E,75
A,842
C,477
A,251
C,763
C,985
A,185
C,295
D,492
C,378
E,207
D,506
E,332
B,127
C,698
D,737
A,89
D,291
B,502
E,898
B,567
E,793
C,637
A,423
C,784
E,637
D,973
B,550
A,863
D,20
D,30
E,875
D,25
E,624
E,648
D,970
B,56
C,680
D,307
E,801
C,273
A,482
B,110
D,509
A,639
B,607
D,686
D,381
D,946
D,289
E,894
B,876
A,140
B,520
D,787
E,313
C,65
A,591
D,708
E,43
E,424
C,743
D,819
D,432
A,945
E,122
A,954
C,98
B,462
A,647
E,404
A,904
D,564
C,62
B,948
C,567
E,795
C,916
D,611
E,981
C,279
C,650
E,254
B,23
C,253
B,133
E,2
D,777
D,166
C,406
E,713
E,942
E,248
B,604
D,602
D,736
A,377
E,426
A,237
E,885
E,630
D,127
C,652
B,829
E,904
A,166
C,7
E,503
C,672
B,395
D,119
C,375
D,366
E,102
D,782
A,57
E,744
E,256
B,282
B,105
A,138
D,36
A,59
B,808
D,916
B,823
C,133
D,687
C,929
C,658
C,575
C,274
A,354
C,514
E,354
C,434
C,335
C,855
E,63
B,13
A,474
A,66
B,830
C,912
B,665
E,993
A,791
B,79
B,284
D,600
B,487
E,820
E,392
C,15
C,464
D,602
D,142
C,1
B,430
E,530
D,652
D,911
A,324
A,24
D,628
E,988
C,516
E,893
E,146
D,48
B,366
D,171
E,161
B,237
C,895
A,305
A,526
A,453
E,136
B,280
D,432
D,934
B,205
A,81
C,260
A,153
B,204
C,713
A,94
E,493
C,236
B,890
D,269
D,3
E,790
D,600
A,586
B,389
D,51
E,727
E,297
B,178
D,304
C,825
C,384
E,572
E,686
C,238
D,124
E,757
C,495
E,604
E,65
C,969
B,269
A,62
D,562
D,593
D,348
E,737
B,890
B,688
D,535
E,986
A,588
E,134
B,740
C,757
B,360
B,240
B,732
C,204
B,283
E,602
B,953
B,601
D,710
A,554
C,578
E,62
D,97
C,242
B,870
E,829
E,526
D,860
C,921
C,556
D,644
B,709
A,671
D,242
B,535
B,221
A,472
E,877
B,431
A,220
A,655
A,629
B,174
C,209
E,910
C,972
B,562
B,245
A,642
B,163
B,400
A,778
E,45
C,820
D,508
C,77
B,45
B,218
A,130
A,135
D,846
C,695
A,355
E,880
D,809
C,979
D,602
B,439
C,204
C,777
E,646
C,579
A,815
E,616
A,793
C,586
A,83
A,234
E,49
C,31
C,921
A,711
C,689
E,133
B,241
E,175
A,56
E,739
B,254
D,213
E,531
D,850
E,74
B,274
B,796
D,683
D,346
E,783
A,854
A,338
D,206
D,51
D,656
A,501
C,89
A,112
B,101
C,359
D,806
E,929
E,367
C,237
D,372
B,952
C,725
C,652
D,691
D,518
A,882
A,738
B,631
E,918
E,120
B,802
C,878
C,909
D,917
D,377
C,879
E,133
D,59
C,136
C,304
E,535
A,590
C,349
C,489
C,215
A,335
D,116
C,440
E,288
D,2
C,968
B,443
A,526
E,400
E,342
A,51
C,30
D,807
E,14
B,570
D,473
B,311
E,415
A,272
E,912
D,795
D,760
D,906
C,930
C,298
A,364
A,676
B,351
D,496
B,75
B,893
B,917
E,17
B,399
B,90
A,247
B,192
B,188
A,892
D,720
C,801
A,812
D,497
E,334
E,619
C,67
A,968
D,30
B,440
E,393
E,746
D,734
C,395
C,21
A,425
B,600
D,248
D,953
B,114
B,791
E,424
B,168
C,257
D,189
A,59
A,718
D,616
C,147
C,406
C,167
B,428
B,2
E,677
C,311
E,330
D,102
B,300
E,409
B,254
C,84
A,191
E,755
D,294
A,47
A,828
A,673
A,312
D,834
E,126
B,459
B,752
D,117
D,147
D,46
D,359
E,612
D,160
A,975
A,303
A,720
E,667
B,295
D,72
E,676
C,601
E,655
B,290
C,713
E,24
B,612
C,106
C,286
D,868
E,665
E,4
E,677
B,152
C,658
D,241
B,829
C,898
E,547
E,605
A,927
A,706
A,272
D,891
C,257
D,411
B,561
E,677
A,699
A,438
E,320
B,396
C,733
A,436
E,344
B,378
D,219
B,961
A,265
E,941
A,865
A,666
C,251
D,312
B,795
E,943
C,1000
C,511
C,197
A,526
D,754
B,859
E,538
D,609
E,388
E,252
C,80
A,263
B,272
C,371
D,202
A,469
A,28
E,313
C,501
B,836
C,88
E,6
A,480
B,495
B,100
D,811
E,296
D,376
C,879
B,482
B,12
C,47
A,809
C,54
A,702
D,475
E,300
B,571
C,85
B,694
C,661
E,415
B,676
B,526
E,703
C,108
A,178
E,898
D,941
D,574
A,376
E,57
C,742
B,150
D,821
A,475
D,120
E,245
D,112
D,910
E,878
A,465
B,530
A,720
E,27
A,318
A,776
E,952
B,367
D,175
B,143
B,53
C,919
D,742
B,463
B,923
A,401
A,148
D,478
C,506
B,35
A,446
E,225
D,521
E,180
B,988
C,315
B,547
D,397
E,559
D,23
C,152
E,405
C,750
A,401
E,539
C,280
E,483
C,345
E,250
C,425
D,514
D,803
E,640
E,588
E,599
A,82
A,483
A,579
B,31
B,182
C,952
A,995
D,900
B,243
A,874
D,858
B,672
D,65
A,349
B,740
C,679
E,199
A,53
E,908
E,754
A,978
B,254
D,301
B,352
E,467
C,288
C,83
D,681
A,8
D,549
B,686
E,68
A,347
A,190
D,350
C,853
C,130
A,834
B,395
A,67
E,840
C,865
A,215
D,109
E,836
B,992
A,745
C,991
D,208
D,530
D,101
C,588
D,499
D,949
D,462
D,181
A,91
C,871
B,864
C,864
E,932
E,547
D,321
A,640
D,325
A,411
D,993
B,249
C,103
A,420
A,253
B,608
D,329
C,649
B,229
D,944
C,921
B,320
D,1
D,407
C,629
E,838
A,778
D,702
B,481
C,898
D,516
E,932
D,761
D,394
E,944
B,851
A,385
C,403
B,579
B,303
D,350
A,695
C,302
C,826
A,543
C,938
C,502
B,203
E,87
A,11
B,158
D,326
D,569
B,546
B,839
E,971
D,973
B,522
A,600
D,927
C,893
E,862
B,479
E,273
C,865
C,894
E,983
E,271
A,540
D,108
C,420
E,656
D,483
E,996
C,162
B,674
A,375
D,346
E,358
E,560
D,369
E,397
A,508
B,853
B,980
D,863
E,425
A,522
C,353
A,172
D,858
B,266
C,514
E,277
D,746
A,823
E,507
B,113
B,865
B,729
E,60
D,575
B,28
E,514
A,31
D,865
B,337
C,704
B,55
A,863
D,376
B,646
E,923
C,148
A,619
B,13
A,202
B,872
B,539
A,623
C,380
C,86
A,493
B,830
E,800
A,707
C,660
C,1000
A,420
D,793
D,406
C,564
B,120
E,426
E,46
B,114
C,704
B,161
C,493
C,866
E,326
A,258
D,150
E,689
E,898
A,29
E,630
C,445
B,370
A,584
B,30
B,862
D,10
C,605
A,1
C,197
E,918
D,586
A,614
B,123
C,933
E,213
B,236
B,596
D,17
B,667
B,934
B,537
A,725
B,209
A,742
B,556
D,195
E,81
B,645
C,28
D,175
E,566
E,498
A,320
E,991
D,748
B,425
C,507
C,150
C,890
D,794
B,775
C,427
A,224
B,417
E,553
D,240
E,230
C,422
D,583
B,584
C,631
B,453
C,542
D,467
B,465
D,724
C,979
B,975
B,109
D,534
D,862
D,445
D,911
E,498
D,344
B,741
E,92
B,430
E,579
C,165
E,881
E,194
C,567
B,247
C,989
C,210
E,721
B,270
C,136
E,240
C,82
D,44
A,597
D,226
E,438
D,608
A,648
A,170
B,593
E,832
D,470
C,880
C,643
C,339
D,436
D,816
B,64
A,570
C,85
E,400
C,636
D,851
B,783
E,911
D,440
E,482
E,865
C,952
C,688
E,860
D,902
E,413
E,722
E,619
E,381
A,830
E,482
B,512
A,53
E,965
E,927
A,388
C,972
C,689
A,303
B,198
C,412
C,473
C,531
C,152
A,67
E,517
C,111
C,992
D,439
D,544
C,328
C,995
B,624
C,323
A,930
B,839
E,669
A,644
B,612
C,642
C,536
A,211
C,629
E,394
C,917
C,281
A,94
D,3
D,199
E,904
B,105
E,774
E,11
D,697
A,230
C,144
C,549
C,863
C,537
C,108
B,402
D,702
D,370
B,579
D,893
C,631
A,701
A,794
A,419
B,541
C,607
C,756
D,995
D,536
C,114
C,699
B,103
C,538
A,355
B,864
B,858
B,709
B,70
E,60
B,67
D,524
E,986
C,50
D,841
D,747
D,905
E,24
A,146
A,684
B,736
C,396
D,614
D,770
A,237
A,750
E,268
D,152
E,135
C,804
D,35
B,519
D,53
D,336
D,330
A,98
C,723
A,407
D,942
C,781
E,890
A,553
A,33
A,824
E,698
D,272
A,497
D,496
B,769
E,929
C,259
A,694
C,396
B,259
E,927
C,730
B,589
C,784
C,480
D,866
E,656
C,866
D,889
D,895
A,813
A,473
E,11
B,344
C,96
C,773
D,614
E,874
E,98
E,445
C,947
D,225
E,350
A,726
A,620
B,601
D,763
D,689
A,556
D,471
A,99
B,564
B,659
E,845
C,106
C,757
A,177
D,441
E,744
B,454
D,854
A,885
A,720
C,828
C,235
C,703
E,755
E,766
D,492
D,145
B,18
A,375
B,701
E,57
E,601
C,91
E,578
D,721
E,64
B,970
A,768
A,172
D,895
B,290
A,418
B,877
A,598
B,316
E,288
C,23
A,99
E,231
A,988
D,409
B,286
D,930
B,287
A,82
C,71
E,732
D,357
E,492
C,412
D,104
E,455
B,998
D,701
C,179
B,609
B,943
C,933
E,748
E,834
D,124
C,67
A,284
E,586
